pso_options_c1,pso_options_c2,pso_options_w,pso_n_particles,pso_iter,origin_time,pso_time,origin_score,pso_score
0.0,0.0,0.4,20,50,6.151877299999999,10.284463900000002,0.5528441667556763,0.5528441667556763
0.0,0.0,0.4,20,75,4.505558499999999,9.763480199999997,0.5528441667556763,0.34751710295677185
0.0,0.0,0.4,70,50,4.312568599999999,9.718965599999997,0.5528441667556763,0.35638317465782166
0.0,0.0,0.4,70,75,4.153078099999988,9.678504900000007,0.5528441667556763,0.3340384364128113
0.0,0.0,0.4,120,50,4.1307575999999955,9.704702300000008,0.5528441667556763,0.43719571828842163
0.0,0.0,0.4,120,75,4.292435900000001,9.597831200000002,0.5528441667556763,0.3282504677772522
0.0,0.0,0.9,20,50,4.350156699999999,9.657912199999998,0.5528441667556763,0.3705022931098938
0.0,0.0,0.9,20,75,4.348347800000013,9.671409299999993,0.5528441667556763,0.4206659197807312
0.0,0.0,0.9,70,50,4.330339600000002,9.660098099999999,0.5528441667556763,0.3535175919532776
0.0,0.0,0.9,70,75,4.32327029999999,9.655513400000018,0.5528441667556763,0.34751710295677185
0.0,0.0,0.9,120,50,4.3512005999999985,9.639308,0.5528441667556763,0.38447704911231995
0.0,0.0,0.9,120,75,4.305686400000013,9.669658300000009,0.5528441667556763,0.31726279854774475
0.0,0.0,1.4,20,50,4.299885700000004,9.628732899999989,0.5528441667556763,0.38447704911231995
0.0,0.0,1.4,20,75,4.176575600000007,9.785564899999997,0.5528441667556763,0.4206659197807312
0.0,0.0,1.4,70,50,4.444912400000021,9.868450999999993,0.5528441667556763,0.32715508341789246
0.0,0.0,1.4,70,75,4.2427951000000235,9.841291799999993,0.5528441667556763,0.3567715585231781
0.0,0.0,1.4,120,50,4.160874899999982,9.820455399999986,0.5528441667556763,0.2789735794067383
0.0,0.0,1.4,120,75,4.168298800000002,9.735136399999988,0.5528441667556763,0.34751710295677185
0.0,0.0,1.9,20,50,4.221299199999976,9.791306700000007,0.5528441667556763,0.36302050948143005
0.0,0.0,1.9,20,75,4.204941099999985,9.774868000000026,0.5528441667556763,0.38197627663612366
0.0,0.0,1.9,70,50,4.202072100000009,9.821214600000019,0.5528441667556763,0.5528441667556763
0.0,0.0,1.9,70,75,4.245876100000032,9.725035300000002,0.5528441667556763,0.32715508341789246
0.0,0.0,1.9,120,50,4.157719199999974,9.82562310000003,0.5528441667556763,0.36302050948143005
0.0,0.0,1.9,120,75,4.1970551,9.729973400000006,0.5528441667556763,0.3326728641986847
0.0,0.8,0.4,20,50,4.426846000000012,9.915551599999958,0.5528441667556763,0.3567715585231781
0.0,0.8,0.4,20,75,4.746027099999992,10.112047699999948,0.5528441667556763,0.43719571828842163
0.0,0.8,0.4,70,50,4.79793810000001,10.234543499999972,0.5528441667556763,0.31860777735710144
0.0,0.8,0.4,70,75,4.609951999999964,9.860180799999966,0.5528441667556763,0.32715508341789246
0.0,0.8,0.4,120,50,4.3343165,9.663962900000001,0.5528441667556763,0.38197627663612366
0.0,0.8,0.4,120,75,4.500912099999994,9.785576699999979,0.5528441667556763,0.3705022931098938
0.0,0.8,0.9,20,50,4.8561906999999565,9.630666800000029,0.5528441667556763,0.32609525322914124
0.0,0.8,0.9,20,75,4.899530500000026,9.670324499999992,0.5528441667556763,0.3234420120716095
0.0,0.8,0.9,70,50,4.525922200000025,9.805733999999973,0.5528441667556763,0.3326728641986847
0.0,0.8,0.9,70,75,4.497762599999987,9.627982000000031,0.5528441667556763,0.38447704911231995
0.0,0.8,0.9,120,50,4.358943399999987,9.669591099999934,0.5528441667556763,0.32148295640945435
0.0,0.8,0.9,120,75,4.9807160000000295,10.517059099999983,0.5528441667556763,0.38197627663612366
0.0,0.8,1.4,20,50,4.452754899999945,9.716965500000015,0.5528441667556763,0.43719571828842163
0.0,0.8,1.4,20,75,4.01712950000001,9.667447400000015,0.5528441667556763,0.33232757449150085
0.0,0.8,1.4,70,50,4.275598100000025,9.705770400000006,0.5528441667556763,0.3340384364128113
0.0,0.8,1.4,70,75,4.468315399999938,9.589560000000006,0.5528441667556763,0.33867570757865906
0.0,0.8,1.4,120,50,4.238649099999975,9.552839800000015,0.5528441667556763,0.4206659197807312
0.0,0.8,1.4,120,75,4.287747999999965,9.57456280000008,0.5528441667556763,0.32148295640945435
0.0,0.8,1.9,20,50,4.2646623000000545,9.599991899999964,0.5528441667556763,0.35162118077278137
0.0,0.8,1.9,20,75,4.017779399999995,9.771466499999974,0.5528441667556763,0.36302050948143005
0.0,0.8,1.9,70,50,4.396340200000054,9.661928099999955,0.5528441667556763,0.5528441667556763
0.0,0.8,1.9,70,75,4.010742399999913,9.828270299999986,0.5528441667556763,0.3340384364128113
0.0,0.8,1.9,120,50,4.5228393999999525,9.64242420000005,0.5528441667556763,0.32715508341789246
0.0,0.8,1.9,120,75,4.4412150000000565,9.620985399999995,0.5528441667556763,0.32555171847343445
0.0,1.6,0.4,20,50,4.089622399999939,9.491644500000007,0.5528441667556763,0.3705022931098938
0.0,1.6,0.4,20,75,4.104158900000016,9.463403399999947,0.5528441667556763,0.3567715585231781
0.0,1.6,0.4,70,50,4.075429699999972,9.494118500000013,0.5528441667556763,0.38197627663612366
0.0,1.6,0.4,70,75,4.115653100000031,9.474705900000004,0.5528441667556763,0.32715508341789246
0.0,1.6,0.4,120,50,4.120623500000079,9.446125299999949,0.5528441667556763,0.32715508341789246
0.0,1.6,0.4,120,75,4.084420499999965,9.492213600000014,0.5528441667556763,0.3256196081638336
0.0,1.6,0.9,20,50,4.135807399999976,9.450209800000039,0.5528441667556763,0.4206659197807312
0.0,1.6,0.9,20,75,4.105548399999975,9.435184899999967,0.5528441667556763,0.3234420120716095
0.0,1.6,0.9,70,50,4.099339099999952,9.470229500000073,0.5528441667556763,0.3477468490600586
0.0,1.6,0.9,70,75,4.096756000000028,9.433932900000059,0.5528441667556763,0.3256196081638336
0.0,1.6,0.9,120,50,4.0690550000000485,9.444036300000107,0.5528441667556763,0.5528441667556763
0.0,1.6,0.9,120,75,4.084135100000026,9.483284700000013,0.5528441667556763,0.38197627663612366
0.0,1.6,1.4,20,50,4.074953100000016,9.460970100000054,0.5528441667556763,0.33232757449150085
0.0,1.6,1.4,20,75,4.004949500000066,9.469483800000035,0.5528441667556763,0.3705022931098938
0.0,1.6,1.4,70,50,3.9980942999999343,9.556686100000093,0.5528441667556763,0.3705022931098938
0.0,1.6,1.4,70,75,4.085118599999987,9.47675460000005,0.5528441667556763,0.3705022931098938
0.0,1.6,1.4,120,50,4.061914000000002,9.483378500000072,0.5528441667556763,0.35162118077278137
0.0,1.6,1.4,120,75,4.169478400000003,9.606026100000008,0.5528441667556763,0.38447704911231995
0.0,1.6,1.9,20,50,4.123374699999999,9.437831200000005,0.5528441667556763,0.3282504677772522
0.0,1.6,1.9,20,75,4.077480299999934,9.53794270000003,0.5528441667556763,0.30288389325141907
0.0,1.6,1.9,70,50,4.085889899999984,9.471071800000004,0.5528441667556763,0.43719571828842163
0.0,1.6,1.9,70,75,4.087519500000099,9.501476199999956,0.5528441667556763,0.32715508341789246
0.0,1.6,1.9,120,50,4.076231399999983,9.438792899999953,0.5528441667556763,0.38447704911231995
0.0,1.6,1.9,120,75,4.0853256999999985,9.533366900000033,0.5528441667556763,0.34751710295677185
0.0,2.4000000000000004,0.4,20,50,4.123723299999938,9.407301999999845,0.5528441667556763,0.3567715585231781
0.0,2.4000000000000004,0.4,20,75,4.107594100000142,9.456859399999985,0.5528441667556763,0.32609525322914124
0.0,2.4000000000000004,0.4,70,50,4.129895300000044,9.49077659999989,0.5528441667556763,0.4206659197807312
0.0,2.4000000000000004,0.4,70,75,4.1293505000001005,9.512337500000058,0.5528441667556763,0.34751710295677185
0.0,2.4000000000000004,0.4,120,50,4.094406100000015,9.48159069999997,0.5528441667556763,0.35638317465782166
0.0,2.4000000000000004,0.4,120,75,4.075222100000019,9.437805300000036,0.5528441667556763,0.3201330900192261
0.0,2.4000000000000004,0.9,20,50,4.077380299999959,9.457102200000008,0.5528441667556763,0.43719571828842163
0.0,2.4000000000000004,0.9,20,75,4.1565947999999935,9.442897099999982,0.5528441667556763,0.3234420120716095
0.0,2.4000000000000004,0.9,70,50,4.091147200000023,9.495542200000045,0.5528441667556763,0.4206659197807312
0.0,2.4000000000000004,0.9,70,75,4.045323399999916,9.460361799999873,0.5528441667556763,0.33652645349502563
0.0,2.4000000000000004,0.9,120,50,4.08591720000004,9.458525799999961,0.5528441667556763,0.3340384364128113
0.0,2.4000000000000004,0.9,120,75,4.108886999999868,9.458363999999847,0.5528441667556763,0.3194373548030853
0.0,2.4000000000000004,1.4,20,50,4.156073699999979,9.4558791999998,0.5528441667556763,0.28677868843078613
0.0,2.4000000000000004,1.4,20,75,4.123378700000103,9.417261999999937,0.5528441667556763,0.34751710295677185
0.0,2.4000000000000004,1.4,70,50,4.0814838999999665,9.484021499999926,0.5528441667556763,0.43719571828842163
0.0,2.4000000000000004,1.4,70,75,4.084122100000059,9.446698100000049,0.5528441667556763,0.3477468490600586
0.0,2.4000000000000004,1.4,120,50,4.087107600000081,9.470738700000084,0.5528441667556763,0.5528441667556763
0.0,2.4000000000000004,1.4,120,75,4.1319983999999295,9.432529000000159,0.5528441667556763,0.33652645349502563
0.0,2.4000000000000004,1.9,20,50,4.0847808999999415,9.445284100000208,0.5528441667556763,0.3567715585231781
0.0,2.4000000000000004,1.9,20,75,4.15899330000002,9.494929299999967,0.5528441667556763,0.3567715585231781
0.0,2.4000000000000004,1.9,70,50,4.125694199999998,9.499631300000146,0.5528441667556763,0.43719571828842163
0.0,2.4000000000000004,1.9,70,75,4.104241000000002,9.52219100000002,0.5528441667556763,0.3705022931098938
0.0,2.4000000000000004,1.9,120,50,4.124125899999854,9.53304930000013,0.5528441667556763,0.32715508341789246
0.0,2.4000000000000004,1.9,120,75,4.0783824000000095,9.481660900000179,0.5528441667556763,0.3567715585231781
0.0,3.2,0.4,20,50,4.101972599999954,9.479865000000018,0.5528441667556763,0.3207245171070099
0.0,3.2,0.4,20,75,3.98252750000006,9.383205900000121,0.5528441667556763,0.3535175919532776
0.0,3.2,0.4,70,50,4.095236800000066,9.510464500000126,0.5528441667556763,0.5528441667556763
0.0,3.2,0.4,70,75,4.083200500000203,9.536656900000025,0.5528441667556763,0.3207245171070099
0.0,3.2,0.4,120,50,4.066022500000145,9.498021400000198,0.5528441667556763,0.38447704911231995
0.0,3.2,0.4,120,75,4.073149000000058,9.47895850000009,0.5528441667556763,0.35638317465782166
0.0,3.2,0.9,20,50,4.024966199999881,9.455217800000128,0.5528441667556763,0.3535175919532776
0.0,3.2,0.9,20,75,4.077062399999932,9.438676199999918,0.5528441667556763,0.34751710295677185
0.0,3.2,0.9,70,50,4.0874549000000115,9.445647999999892,0.5528441667556763,0.36302050948143005
0.0,3.2,0.9,70,75,4.147264599999971,9.422213399999919,0.5528441667556763,0.32715508341789246
0.0,3.2,0.9,120,50,4.113416700000016,9.482785899999953,0.5528441667556763,0.29985925555229187
0.0,3.2,0.9,120,75,4.137801900000113,9.467513000000054,0.5528441667556763,0.35638317465782166
0.0,3.2,1.4,20,50,4.09336119999989,9.484275499999967,0.5528441667556763,0.35638317465782166
0.0,3.2,1.4,20,75,4.056014000000005,9.47034450000001,0.5528441667556763,0.4206659197807312
0.0,3.2,1.4,70,50,4.091134499999953,9.434978400000091,0.5528441667556763,0.35638317465782166
0.0,3.2,1.4,70,75,4.09822569999983,9.45539070000018,0.5528441667556763,0.35162118077278137
0.0,3.2,1.4,120,50,4.128270799999882,9.430948299999955,0.5528441667556763,0.3705022931098938
0.0,3.2,1.4,120,75,4.1125948000001245,9.478570300000001,0.5528441667556763,0.32555171847343445
0.0,3.2,1.9,20,50,4.105668499999865,9.437433299999839,0.5528441667556763,0.3535175919532776
0.0,3.2,1.9,20,75,4.083818000000065,9.443363099999942,0.5528441667556763,0.36302050948143005
0.0,3.2,1.9,70,50,4.063788400000021,9.449742300000025,0.5528441667556763,0.43719571828842163
0.0,3.2,1.9,70,75,4.202153300000191,9.464924399999973,0.5528441667556763,0.3171391487121582
0.0,3.2,1.9,120,50,4.056970600000113,9.43596730000013,0.5528441667556763,0.43719571828842163
0.0,3.2,1.9,120,75,4.124809700000014,9.435288700000001,0.5528441667556763,0.3567715585231781
0.8,0.0,0.4,20,50,4.090001000000029,9.474036500000011,0.5528441667556763,0.3705022931098938
0.8,0.0,0.4,20,75,4.142916199999945,9.44825190000006,0.5528441667556763,0.5528441667556763
0.8,0.0,0.4,70,50,4.141819500000111,9.461924299999964,0.5528441667556763,0.35638317465782166
0.8,0.0,0.4,70,75,4.070748400000184,9.61179130000005,0.5528441667556763,0.3234420120716095
0.8,0.0,0.4,120,50,4.03466259999982,9.478340500000058,0.5528441667556763,0.3340384364128113
0.8,0.0,0.4,120,75,4.114986499999986,9.437509800000043,0.5528441667556763,0.5528441667556763
0.8,0.0,0.9,20,50,4.079030300000113,9.474225200000092,0.5528441667556763,0.3705022931098938
0.8,0.0,0.9,20,75,4.1011217000000215,9.5461178999999,0.5528441667556763,0.2966204285621643
0.8,0.0,0.9,70,50,4.041288899999927,9.511441399999967,0.5528441667556763,0.3340384364128113
0.8,0.0,0.9,70,75,4.175514300000032,9.516098199999988,0.5528441667556763,0.4206659197807312
0.8,0.0,0.9,120,50,4.082684499999914,9.502610099999856,0.5528441667556763,0.43719571828842163
0.8,0.0,0.9,120,75,4.109661700000061,9.485045799999853,0.5528441667556763,0.4206659197807312
0.8,0.0,1.4,20,50,4.057518099999925,9.462420199999997,0.5528441667556763,0.35638317465782166
0.8,0.0,1.4,20,75,4.103473699999995,9.493220300000075,0.5528441667556763,0.38197627663612366
0.8,0.0,1.4,70,50,4.11021750000009,9.483572699999968,0.5528441667556763,0.5528441667556763
0.8,0.0,1.4,70,75,4.099515999999994,9.473576500000036,0.5528441667556763,0.30756089091300964
0.8,0.0,1.4,120,50,4.116484100000207,9.46411450000005,0.5528441667556763,0.5528441667556763
0.8,0.0,1.4,120,75,4.122627100000045,9.473036000000093,0.5528441667556763,0.3535175919532776
0.8,0.0,1.9,20,50,4.06145400000014,9.462937099999863,0.5528441667556763,0.35162118077278137
0.8,0.0,1.9,20,75,4.123933000000079,9.45836220000001,0.5528441667556763,0.5528441667556763
0.8,0.0,1.9,70,50,4.113070999999991,9.430736499999966,0.5528441667556763,0.34751710295677185
0.8,0.0,1.9,70,75,4.087519799999882,9.434038200000032,0.5528441667556763,0.3207245171070099
0.8,0.0,1.9,120,50,4.136927899999819,9.458270899999889,0.5528441667556763,0.3207245171070099
0.8,0.0,1.9,120,75,4.153754400000025,9.453544100000045,0.5528441667556763,0.38447704911231995
0.8,0.8,0.4,20,50,4.055658600000015,9.442719300000135,0.5528441667556763,0.32715508341789246
0.8,0.8,0.4,20,75,4.106148200000007,9.467348500000071,0.5528441667556763,0.3207245171070099
0.8,0.8,0.4,70,50,4.064704599999914,9.45625300000006,0.5528441667556763,0.3194373548030853
0.8,0.8,0.4,70,75,4.130298699999685,9.492845600000237,0.5528441667556763,0.43719571828842163
0.8,0.8,0.4,120,50,4.035046500000135,9.449295800000073,0.5528441667556763,0.32609525322914124
0.8,0.8,0.4,120,75,4.08202940000001,9.48816859999988,0.5528441667556763,0.3076555132865906
0.8,0.8,0.9,20,50,4.06444620000002,9.454224100000374,0.5528441667556763,0.3705022931098938
0.8,0.8,0.9,20,75,4.112152199999855,9.501690800000233,0.5528441667556763,0.38447704911231995
0.8,0.8,0.9,70,50,4.106567699999687,9.476187699999628,0.5528441667556763,0.35638317465782166
0.8,0.8,0.9,70,75,4.062567200000103,9.46903710000015,0.5528441667556763,0.33652645349502563
0.8,0.8,0.9,120,50,4.172212700000273,9.426353800000015,0.5528441667556763,0.3194373548030853
0.8,0.8,0.9,120,75,4.053427199999987,9.501016700000037,0.5528441667556763,0.4206659197807312
0.8,0.8,1.4,20,50,4.118141200000082,9.445199499999944,0.5528441667556763,0.33652645349502563
0.8,0.8,1.4,20,75,4.074069299999792,9.537829899999906,0.5528441667556763,0.35638317465782166
0.8,0.8,1.4,70,50,4.130777200000011,9.473352199999681,0.5528441667556763,0.3705022931098938
0.8,0.8,1.4,70,75,4.101155400000152,9.42717010000024,0.5528441667556763,0.3234420120716095
0.8,0.8,1.4,120,50,4.0628130999998575,9.519032400000015,0.5528441667556763,0.30288389325141907
0.8,0.8,1.4,120,75,4.11054090000016,9.442587699999876,0.5528441667556763,0.36302050948143005
0.8,0.8,1.9,20,50,4.0657507000000805,9.47524969999995,0.5528441667556763,0.3076555132865906
0.8,0.8,1.9,20,75,4.098726499999884,9.471814500000164,0.5528441667556763,0.4206659197807312
0.8,0.8,1.9,70,50,4.112339300000258,9.457625800000187,0.5528441667556763,0.4206659197807312
0.8,0.8,1.9,70,75,4.123661800000264,9.493751299999985,0.5528441667556763,0.4206659197807312
0.8,0.8,1.9,120,50,4.097201999999925,9.483112399999754,0.5528441667556763,0.33867570757865906
0.8,0.8,1.9,120,75,4.043017899999995,9.43971780000038,0.5528441667556763,0.31860777735710144
0.8,1.6,0.4,20,50,4.064315299999635,9.46017000000029,0.5528441667556763,0.3282504677772522
0.8,1.6,0.4,20,75,4.060699000000113,9.435775899999953,0.5528441667556763,0.35162118077278137
0.8,1.6,0.4,70,50,4.103843999999754,9.486907399999836,0.5528441667556763,0.5528441667556763
0.8,1.6,0.4,70,75,4.105526600000303,9.490415199999916,0.5528441667556763,0.5528441667556763
0.8,1.6,0.4,120,50,4.089646899999934,9.444693500000085,0.5528441667556763,0.30288389325141907
0.8,1.6,0.4,120,75,4.067738900000222,9.518548600000031,0.5528441667556763,0.35638317465782166
0.8,1.6,0.9,20,50,4.135107300000072,9.442051799999717,0.5528441667556763,0.38197627663612366
0.8,1.6,0.9,20,75,4.107811200000015,9.496155300000282,0.5528441667556763,0.32148295640945435
0.8,1.6,0.9,70,50,4.117373000000043,9.492271799999799,0.5528441667556763,0.36302050948143005
0.8,1.6,0.9,70,75,4.0514579000000595,9.402188300000034,0.5528441667556763,0.38197627663612366
0.8,1.6,0.9,120,50,4.103325399999903,9.47674219999999,0.5528441667556763,0.31001654267311096
0.8,1.6,0.9,120,75,4.107978199999707,9.444379500000196,0.5528441667556763,0.38447704911231995
0.8,1.6,1.4,20,50,4.092529300000024,9.427695400000175,0.5528441667556763,0.2966204285621643
0.8,1.6,1.4,20,75,4.074887799999942,9.484005599999819,0.5528441667556763,0.3535175919532776
0.8,1.6,1.4,70,50,4.1364252000003034,9.481227000000217,0.5528441667556763,0.38197627663612366
0.8,1.6,1.4,70,75,4.076296000000184,9.476505999999972,0.5528441667556763,0.3477468490600586
0.8,1.6,1.4,120,50,4.149377799999911,9.490693599999759,0.5528441667556763,0.38197627663612366
0.8,1.6,1.4,120,75,4.145021699999688,9.461364799999956,0.5528441667556763,0.43719571828842163
0.8,1.6,1.9,20,50,4.0988453999998455,9.422809499999858,0.5528441667556763,0.35638317465782166
0.8,1.6,1.9,20,75,4.140125700000226,9.490073000000393,0.5528441667556763,0.3567715585231781
0.8,1.6,1.9,70,50,4.111202399999911,9.492304900000363,0.5528441667556763,0.30816295742988586
0.8,1.6,1.9,70,75,4.04315970000016,9.518100199999935,0.5528441667556763,0.43719571828842163
0.8,1.6,1.9,120,50,4.117544199999884,9.42967869999984,0.5528441667556763,0.38197627663612366
0.8,1.6,1.9,120,75,4.116841699999895,9.495342400000027,0.5528441667556763,0.38197627663612366
0.8,2.4000000000000004,0.4,20,50,4.186806700000034,9.493484300000091,0.5528441667556763,0.3340384364128113
0.8,2.4000000000000004,0.4,20,75,4.055476699999872,9.49944030000006,0.5528441667556763,0.35638317465782166
0.8,2.4000000000000004,0.4,70,50,4.085147100000086,9.472388799999862,0.5528441667556763,0.35638317465782166
0.8,2.4000000000000004,0.4,70,75,4.164690500000233,9.49321669999972,0.5528441667556763,0.35162118077278137
0.8,2.4000000000000004,0.4,120,50,4.105986699999903,9.48872799999981,0.5528441667556763,0.3340384364128113
0.8,2.4000000000000004,0.4,120,75,4.126142600000094,9.482905400000163,0.5528441667556763,0.4206659197807312
0.8,2.4000000000000004,0.9,20,50,4.095804300000054,9.425605899999937,0.5528441667556763,0.3234420120716095
0.8,2.4000000000000004,0.9,20,75,4.086309699999674,9.493696099999852,0.5528441667556763,0.33232757449150085
0.8,2.4000000000000004,0.9,70,50,4.061065899999903,9.471855900000264,0.5528441667556763,0.5528441667556763
0.8,2.4000000000000004,0.9,70,75,4.098525699999755,9.467848400000094,0.5528441667556763,0.33867570757865906
0.8,2.4000000000000004,0.9,120,50,4.07584339999994,9.443421899999976,0.5528441667556763,0.3567715585231781
0.8,2.4000000000000004,0.9,120,75,4.099721100000352,9.483483400000296,0.5528441667556763,0.38197627663612366
0.8,2.4000000000000004,1.4,20,50,4.106073899999956,9.510404799999833,0.5528441667556763,0.43719571828842163
0.8,2.4000000000000004,1.4,20,75,4.125955299999987,9.399678400000084,0.5528441667556763,0.3207245171070099
0.8,2.4000000000000004,1.4,70,50,4.118112599999677,9.467280400000163,0.5528441667556763,0.4206659197807312
0.8,2.4000000000000004,1.4,70,75,4.11751009999989,9.446970099999817,0.5528441667556763,0.32715508341789246
0.8,2.4000000000000004,1.4,120,50,4.286385400000199,9.639486699999907,0.5528441667556763,0.38197627663612366
0.8,2.4000000000000004,1.4,120,75,4.101273899999796,9.49259260000008,0.5528441667556763,0.3282504677772522
0.8,2.4000000000000004,1.9,20,50,4.108562500000062,9.442863899999793,0.5528441667556763,0.3567715585231781
0.8,2.4000000000000004,1.9,20,75,4.032660599999872,9.53914339999983,0.5528441667556763,0.3705022931098938
0.8,2.4000000000000004,1.9,70,50,4.110217599999942,9.48573579999993,0.5528441667556763,0.38197627663612366
0.8,2.4000000000000004,1.9,70,75,4.148685300000125,9.44561449999992,0.5528441667556763,0.34751710295677185
0.8,2.4000000000000004,1.9,120,50,4.141064699999788,9.438586199999918,0.5528441667556763,0.3705022931098938
0.8,2.4000000000000004,1.9,120,75,4.125315599999794,9.48855020000019,0.5528441667556763,0.43719571828842163
0.8,3.2,0.4,20,50,4.072553399999833,9.439363900000444,0.5528441667556763,0.43719571828842163
0.8,3.2,0.4,20,75,4.086111500000243,9.464652199999819,0.5528441667556763,0.38447704911231995
0.8,3.2,0.4,70,50,4.104758799999672,9.454961100000219,0.5528441667556763,0.4206659197807312
0.8,3.2,0.4,70,75,4.100443300000279,9.439314000000195,0.5528441667556763,0.307340532541275
0.8,3.2,0.4,120,50,4.132040599999982,9.43034549999993,0.5528441667556763,0.3282504677772522
0.8,3.2,0.4,120,75,4.095851300000049,9.525464100000136,0.5528441667556763,0.307340532541275
0.8,3.2,0.9,20,50,4.109389700000065,9.44214600000032,0.5528441667556763,0.2917732298374176
0.8,3.2,0.9,20,75,4.124528800000007,9.495561100000032,0.5528441667556763,0.38197627663612366
0.8,3.2,0.9,70,50,4.107633799999803,9.574417900000299,0.5528441667556763,0.3705022931098938
0.8,3.2,0.9,70,75,4.1953795999997965,9.51250970000001,0.5528441667556763,0.36302050948143005
0.8,3.2,0.9,120,50,4.10634889999983,9.547461300000123,0.5528441667556763,0.43719571828842163
0.8,3.2,0.9,120,75,4.23882279999998,9.504527699999926,0.5528441667556763,0.5528441667556763
0.8,3.2,1.4,20,50,4.097039499999937,9.457595300000321,0.5528441667556763,0.38447704911231995
0.8,3.2,1.4,20,75,4.131649600000401,9.712371299999631,0.5528441667556763,0.3340384364128113
0.8,3.2,1.4,70,50,4.13604499999974,9.543443599999591,0.5528441667556763,0.3705022931098938
0.8,3.2,1.4,70,75,4.068426299999828,9.511304499999824,0.5528441667556763,0.4206659197807312
0.8,3.2,1.4,120,50,4.141259600000012,9.474248699999862,0.5528441667556763,0.3207245171070099
0.8,3.2,1.4,120,75,4.090168100000028,9.492234400000143,0.5528441667556763,0.3194373548030853
0.8,3.2,1.9,20,50,4.052009600000019,9.442263399999774,0.5528441667556763,0.38447704911231995
0.8,3.2,1.9,20,75,4.0692487999999685,9.479409600000054,0.5528441667556763,0.36302050948143005
0.8,3.2,1.9,70,50,4.0983964999995806,9.491970400000355,0.5528441667556763,0.33867570757865906
0.8,3.2,1.9,70,75,4.065818399999898,9.490502599999672,0.5528441667556763,0.3567715585231781
0.8,3.2,1.9,120,50,4.111615599999823,9.43189029999985,0.5528441667556763,0.34751710295677185
0.8,3.2,1.9,120,75,4.068547500000022,9.47601910000003,0.5528441667556763,0.4206659197807312
1.6,0.0,0.4,20,50,4.096142800000052,9.480051000000003,0.5528441667556763,0.36302050948143005
1.6,0.0,0.4,20,75,4.071539200000188,9.442261099999996,0.5528441667556763,0.35638317465782166
1.6,0.0,0.4,70,50,4.092979000000014,9.462823400000161,0.5528441667556763,0.3340384364128113
1.6,0.0,0.4,70,75,4.161021999999775,9.423218900000393,0.5528441667556763,0.4206659197807312
1.6,0.0,0.4,120,50,4.066900799999985,9.506646799999999,0.5528441667556763,0.38197627663612366
1.6,0.0,0.4,120,75,4.146490300000096,9.477384599999823,0.5528441667556763,0.5528441667556763
1.6,0.0,0.9,20,50,4.08676719999994,9.468259799999942,0.5528441667556763,0.32148295640945435
1.6,0.0,0.9,20,75,4.069549899999856,9.417982999999822,0.5528441667556763,0.33867570757865906
1.6,0.0,0.9,70,50,4.1000990000002275,9.482677599999988,0.5528441667556763,0.38197627663612366
1.6,0.0,0.9,70,75,4.076256999999714,9.459160299999894,0.5528441667556763,0.34751710295677185
1.6,0.0,0.9,120,50,4.121532399999978,9.47215389999974,0.5528441667556763,0.3340384364128113
1.6,0.0,0.9,120,75,4.121275700000297,9.457012100000156,0.5528441667556763,0.3567715585231781
1.6,0.0,1.4,20,50,4.105316299999686,9.453531699999985,0.5528441667556763,0.34751710295677185
1.6,0.0,1.4,20,75,4.092861800000264,9.5045826999999,0.5528441667556763,0.3567715585231781
1.6,0.0,1.4,70,50,4.0969592000001285,9.48722110000017,0.5528441667556763,0.43719571828842163
1.6,0.0,1.4,70,75,4.08988780000027,9.449651800000083,0.5528441667556763,0.35162118077278137
1.6,0.0,1.4,120,50,4.109100699999999,9.443650799999887,0.5528441667556763,0.3705022931098938
1.6,0.0,1.4,120,75,4.087938099999974,9.425315899999987,0.5528441667556763,0.33867570757865906
1.6,0.0,1.9,20,50,4.073061800000232,9.468770899999981,0.5528441667556763,0.36302050948143005
1.6,0.0,1.9,20,75,4.132774300000165,9.470857700000124,0.5528441667556763,0.3031230568885803
1.6,0.0,1.9,70,50,4.110093899999811,9.494408199999725,0.5528441667556763,0.3535175919532776
1.6,0.0,1.9,70,75,4.127980900000239,9.500710700000127,0.5528441667556763,0.38447704911231995
1.6,0.0,1.9,120,50,4.104102700000112,9.518020399999841,0.5528441667556763,0.38197627663612366
1.6,0.0,1.9,120,75,4.074465799999871,9.494247800000267,0.5528441667556763,0.35638317465782166
1.6,0.8,0.4,20,50,4.0897242999999435,9.47090150000031,0.5528441667556763,0.33867570757865906
1.6,0.8,0.4,20,75,4.117696099999648,9.52418919999991,0.5528441667556763,0.43719571828842163
1.6,0.8,0.4,70,50,4.141921299999922,9.469046599999729,0.5528441667556763,0.32088977098464966
1.6,0.8,0.4,70,75,4.105524699999933,9.468127200000254,0.5528441667556763,0.32088977098464966
1.6,0.8,0.4,120,50,4.138164999999844,9.494820199999594,0.5528441667556763,0.43719571828842163
1.6,0.8,0.4,120,75,4.118521899999905,9.469462000000021,0.5528441667556763,0.35162118077278137
1.6,0.8,0.9,20,50,4.077051599999777,9.463137700000061,0.5528441667556763,0.33867570757865906
1.6,0.8,0.9,20,75,4.157545099999879,9.495831700000053,0.5528441667556763,0.43719571828842163
1.6,0.8,0.9,70,50,4.103157099999862,9.45389010000008,0.5528441667556763,0.32609525322914124
1.6,0.8,0.9,70,75,4.150232899999992,9.451796700000159,0.5528441667556763,0.3282504677772522
1.6,0.8,0.9,120,50,4.119933500000116,9.428769099999954,0.5528441667556763,0.43719571828842163
1.6,0.8,0.9,120,75,4.107307799999944,9.46038210000006,0.5528441667556763,0.35638317465782166
1.6,0.8,1.4,20,50,4.121168900000157,9.469328499999847,0.5528441667556763,0.36302050948143005
1.6,0.8,1.4,20,75,4.07875869999998,9.464370099999996,0.5528441667556763,0.5528441667556763
1.6,0.8,1.4,70,50,4.094353699999829,9.471717100000205,0.5528441667556763,0.35638317465782166
1.6,0.8,1.4,70,75,4.132234799999878,9.454802700000073,0.5528441667556763,0.3076555132865906
1.6,0.8,1.4,120,50,4.1008318999997755,9.52501650000022,0.5528441667556763,0.38447704911231995
1.6,0.8,1.4,120,75,4.1497543000000405,9.530682999999954,0.5528441667556763,0.34751710295677185
1.6,0.8,1.9,20,50,4.092939199999819,9.506441400000313,0.5528441667556763,0.3256196081638336
1.6,0.8,1.9,20,75,4.151969699999881,9.514543300000241,0.5528441667556763,0.34751710295677185
1.6,0.8,1.9,70,50,4.114645500000279,9.482441599999675,0.5528441667556763,0.3567715585231781
1.6,0.8,1.9,70,75,4.105065400000058,9.445092299999942,0.5528441667556763,0.32148295640945435
1.6,0.8,1.9,120,50,4.134622300000046,9.500453200000265,0.5528441667556763,0.33867570757865906
1.6,0.8,1.9,120,75,4.091540200000054,9.468091900000218,0.5528441667556763,0.3194373548030853
1.6,1.6,0.4,20,50,4.081090399999994,9.512882900000022,0.5528441667556763,0.43719571828842163
1.6,1.6,0.4,20,75,4.156587099999797,9.53496670000004,0.5528441667556763,0.3201330900192261
1.6,1.6,0.4,70,50,4.173196399999597,9.737837600000148,0.5528441667556763,0.38197627663612366
1.6,1.6,0.4,70,75,4.142080999999962,9.496868899999754,0.5528441667556763,0.4206659197807312
1.6,1.6,0.4,120,50,4.077659399999902,9.485450200000287,0.5528441667556763,0.38447704911231995
1.6,1.6,0.4,120,75,4.054595000000063,9.482873599999948,0.5528441667556763,0.35162118077278137
1.6,1.6,0.9,20,50,4.071281900000031,9.474789899999905,0.5528441667556763,0.31726279854774475
1.6,1.6,0.9,20,75,4.113514699999996,9.460371600000144,0.5528441667556763,0.3477468490600586
1.6,1.6,0.9,70,50,4.091376800000035,9.499435400000038,0.5528441667556763,0.3340384364128113
1.6,1.6,0.9,70,75,4.199679199999991,9.458028200000172,0.5528441667556763,0.33652645349502563
1.6,1.6,0.9,120,50,4.077068099999451,9.453865700000279,0.5528441667556763,0.43719571828842163
1.6,1.6,0.9,120,75,4.062485700000252,9.452359899999465,0.5528441667556763,0.38447704911231995
1.6,1.6,1.4,20,50,4.076000799999747,9.471376499999678,0.5528441667556763,0.3705022931098938
1.6,1.6,1.4,20,75,4.0872364999995625,9.489695799999936,0.5528441667556763,0.43719571828842163
1.6,1.6,1.4,70,50,4.097457900000336,9.470846400000482,0.5528441667556763,0.3201330900192261
1.6,1.6,1.4,70,75,4.065453000000161,9.46972629999982,0.5528441667556763,0.32609525322914124
1.6,1.6,1.4,120,50,4.135676599999897,9.440928400000303,0.5528441667556763,0.5528441667556763
1.6,1.6,1.4,120,75,4.088553900000079,9.455613000000085,0.5528441667556763,0.32148295640945435
1.6,1.6,1.9,20,50,4.1154827999998815,9.484311799999887,0.5528441667556763,0.4206659197807312
1.6,1.6,1.9,20,75,4.121925200000078,9.45601760000045,0.5528441667556763,0.4206659197807312
1.6,1.6,1.9,70,50,4.161787500000173,9.518390499999441,0.5528441667556763,0.30288389325141907
1.6,1.6,1.9,70,75,4.06907930000034,9.472671499999706,0.5528441667556763,0.3567715585231781
1.6,1.6,1.9,120,50,4.125350199999957,9.493126100000154,0.5528441667556763,0.4206659197807312
1.6,1.6,1.9,120,75,4.105794999999489,9.50716470000043,0.5528441667556763,0.43719571828842163
1.6,2.4000000000000004,0.4,20,50,4.0927365999996255,9.480540499999734,0.5528441667556763,0.3256196081638336
1.6,2.4000000000000004,0.4,20,75,4.124426000000312,9.53435730000001,0.5528441667556763,0.3207245171070099
1.6,2.4000000000000004,0.4,70,50,4.111212300000261,9.475102400000651,0.5528441667556763,0.32715508341789246
1.6,2.4000000000000004,0.4,70,75,4.128155200000037,9.495534099999531,0.5528441667556763,0.33867570757865906
1.6,2.4000000000000004,0.4,120,50,4.058440399999199,9.513207799999691,0.5528441667556763,0.4206659197807312
1.6,2.4000000000000004,0.4,120,75,4.153735900000356,9.475412400000096,0.5528441667556763,0.35162118077278137
1.6,2.4000000000000004,0.9,20,50,4.053211899999951,9.46790880000026,0.5528441667556763,0.36302050948143005
1.6,2.4000000000000004,0.9,20,75,4.09339749999981,9.46307429999979,0.5528441667556763,0.30340805649757385
1.6,2.4000000000000004,0.9,70,50,4.104004100000566,9.43400930000007,0.5528441667556763,0.4206659197807312
1.6,2.4000000000000004,0.9,70,75,4.038395000000492,9.464876600000025,0.5528441667556763,0.33652645349502563
1.6,2.4000000000000004,0.9,120,50,4.080288900000596,9.497443100000055,0.5528441667556763,0.43719571828842163
1.6,2.4000000000000004,0.9,120,75,4.0936714999998,9.462909599999875,0.5528441667556763,0.35162118077278137
1.6,2.4000000000000004,1.4,20,50,4.140812100000403,9.494704200000342,0.5528441667556763,0.35162118077278137
1.6,2.4000000000000004,1.4,20,75,4.089719399999922,9.433758600000147,0.5528441667556763,0.32609525322914124
1.6,2.4000000000000004,1.4,70,50,4.086429799999678,9.535105699999804,0.5528441667556763,0.32715508341789246
1.6,2.4000000000000004,1.4,70,75,4.108435299999655,9.448774600000434,0.5528441667556763,0.34751710295677185
1.6,2.4000000000000004,1.4,120,50,4.05618929999946,9.469360800000686,0.5528441667556763,0.32088977098464966
1.6,2.4000000000000004,1.4,120,75,4.102605900000526,9.47651550000046,0.5528441667556763,0.3201330900192261
1.6,2.4000000000000004,1.9,20,50,4.040228300000308,9.538711400000466,0.5528441667556763,0.33232757449150085
1.6,2.4000000000000004,1.9,20,75,4.036190300000271,9.484481899999992,0.5528441667556763,0.3705022931098938
1.6,2.4000000000000004,1.9,70,50,4.086824899999556,9.469712199999776,0.5528441667556763,0.3194373548030853
1.6,2.4000000000000004,1.9,70,75,4.069330300000729,9.55402420000064,0.5528441667556763,0.4206659197807312
1.6,2.4000000000000004,1.9,120,50,4.063716999999997,9.475752100000136,0.5528441667556763,0.3282504677772522
1.6,2.4000000000000004,1.9,120,75,4.092821399999593,9.435230500000216,0.5528441667556763,0.3477468490600586
1.6,3.2,0.4,20,50,4.087882799999534,9.461815200000274,0.5528441667556763,0.38197627663612366
1.6,3.2,0.4,20,75,4.026111400000445,9.466603599999871,0.5528441667556763,0.38197627663612366
1.6,3.2,0.4,70,50,4.128342099999827,9.475859199999832,0.5528441667556763,0.4206659197807312
1.6,3.2,0.4,70,75,4.08231700000033,9.50609059999988,0.5528441667556763,0.3567715585231781
1.6,3.2,0.4,120,50,4.0891271000000415,9.535072199999377,0.5528441667556763,0.43719571828842163
1.6,3.2,0.4,120,75,4.085118999999395,9.4908618999998,0.5528441667556763,0.31860777735710144
1.6,3.2,0.9,20,50,4.087950500000261,9.464462599999933,0.5528441667556763,0.3567715585231781
1.6,3.2,0.9,20,75,4.121160700000473,9.453895599999669,0.5528441667556763,0.3535175919532776
1.6,3.2,0.9,70,50,4.13158999999996,9.5581044999999,0.5528441667556763,0.35638317465782166
1.6,3.2,0.9,70,75,4.031513199999608,9.477884799999629,0.5528441667556763,0.38447704911231995
1.6,3.2,0.9,120,50,4.126398399999744,9.49385600000005,0.5528441667556763,0.3567715585231781
1.6,3.2,0.9,120,75,4.082877599999847,9.472025300000496,0.5528441667556763,0.34751710295677185
1.6,3.2,1.4,20,50,4.036476899999798,9.470476600000438,0.5528441667556763,0.38447704911231995
1.6,3.2,1.4,20,75,4.076718600000277,9.53904330000023,0.5528441667556763,0.3340384364128113
1.6,3.2,1.4,70,50,4.049562199999855,9.560104000000138,0.5528441667556763,0.38197627663612366
1.6,3.2,1.4,70,75,4.0965719000005265,9.45814160000009,0.5528441667556763,0.3201330900192261
1.6,3.2,1.4,120,50,4.091762399999425,9.544867499999782,0.5528441667556763,0.32555171847343445
1.6,3.2,1.4,120,75,4.046414499999628,9.511103699999694,0.5528441667556763,0.31243109703063965
1.6,3.2,1.9,20,50,4.2022359000002325,9.482724399999825,0.5528441667556763,0.3705022931098938
1.6,3.2,1.9,20,75,4.138084900000649,9.488578100000268,0.5528441667556763,0.3256196081638336
1.6,3.2,1.9,70,50,4.147359999999935,9.529552400000284,0.5528441667556763,0.3326728641986847
1.6,3.2,1.9,70,75,4.1514704000001075,9.521125100000063,0.5528441667556763,0.4206659197807312
1.6,3.2,1.9,120,50,4.090945500000089,9.72974830000021,0.5528441667556763,0.2831954061985016
1.6,3.2,1.9,120,75,4.176284399999531,9.526028099999166,0.5528441667556763,0.3282504677772522
2.4000000000000004,0.0,0.4,20,50,4.157082900000205,9.500732000000426,0.5528441667556763,0.36302050948143005
2.4000000000000004,0.0,0.4,20,75,4.063908600000104,9.540241400000014,0.5528441667556763,0.27933186292648315
2.4000000000000004,0.0,0.4,70,50,4.053559900000437,9.849192600000606,0.5528441667556763,0.38447704911231995
2.4000000000000004,0.0,0.4,70,75,4.107247699999789,9.538576400000238,0.5528441667556763,0.3171391487121582
2.4000000000000004,0.0,0.4,120,50,4.073050499999226,9.507344399999965,0.5528441667556763,0.3207245171070099
2.4000000000000004,0.0,0.4,120,75,4.076142900000377,9.554477000000588,0.5528441667556763,0.38447704911231995
2.4000000000000004,0.0,0.9,20,50,4.100747299999966,9.547622999999476,0.5528441667556763,0.30288389325141907
2.4000000000000004,0.0,0.9,20,75,4.146117700000104,9.487004399999933,0.5528441667556763,0.34751710295677185
2.4000000000000004,0.0,0.9,70,50,4.124889200000325,9.455486000000747,0.5528441667556763,0.30340805649757385
2.4000000000000004,0.0,0.9,70,75,4.134891400000015,9.441425400000298,0.5528441667556763,0.3234420120716095
2.4000000000000004,0.0,0.9,120,50,4.1109735,9.457689400000163,0.5528441667556763,0.3326728641986847
2.4000000000000004,0.0,0.9,120,75,4.06670590000067,9.443106299999272,0.5528441667556763,0.3326728641986847
2.4000000000000004,0.0,1.4,20,50,4.1280296000004455,9.491964399999233,0.5528441667556763,0.2967567443847656
2.4000000000000004,0.0,1.4,20,75,4.109105900000031,9.493669899999986,0.5528441667556763,0.5528441667556763
2.4000000000000004,0.0,1.4,70,50,4.076617699999588,9.503989799999545,0.5528441667556763,0.3477468490600586
2.4000000000000004,0.0,1.4,70,75,4.148250799999914,9.49817560000065,0.5528441667556763,0.35162118077278137
2.4000000000000004,0.0,1.4,120,50,4.10814769999979,9.46519679999983,0.5528441667556763,0.3567715585231781
2.4000000000000004,0.0,1.4,120,75,4.161088599999857,9.490120800000113,0.5528441667556763,0.3705022931098938
2.4000000000000004,0.0,1.9,20,50,4.072883199999524,9.538767100000769,0.5528441667556763,0.3535175919532776
2.4000000000000004,0.0,1.9,20,75,4.111351499999728,9.534452399999282,0.5528441667556763,0.31860777735710144
2.4000000000000004,0.0,1.9,70,50,4.058060900000783,9.518863299999794,0.5528441667556763,0.43719571828842163
2.4000000000000004,0.0,1.9,70,75,4.13211179999962,9.479311499999312,0.5528441667556763,0.30340805649757385
2.4000000000000004,0.0,1.9,120,50,4.113538800000242,9.50692380000055,0.5528441667556763,0.3282504677772522
2.4000000000000004,0.0,1.9,120,75,4.100775399999293,9.79736050000065,0.5528441667556763,0.35638317465782166
2.4000000000000004,0.8,0.4,20,50,4.005289700000503,9.727447100000063,0.5528441667556763,0.43719571828842163
2.4000000000000004,0.8,0.4,20,75,4.1052897999998095,9.495410900000024,0.5528441667556763,0.34751710295677185
2.4000000000000004,0.8,0.4,70,50,4.067004700000325,9.503469700000096,0.5528441667556763,0.36302050948143005
2.4000000000000004,0.8,0.4,70,75,4.119183499999963,9.503902599999492,0.5528441667556763,0.30756089091300964
2.4000000000000004,0.8,0.4,120,50,4.15968889999931,9.581914100000176,0.5528441667556763,0.43719571828842163
2.4000000000000004,0.8,0.4,120,75,4.079391399999622,9.492908199999874,0.5528441667556763,0.3477468490600586
2.4000000000000004,0.8,0.9,20,50,4.070175000000745,9.469806000000062,0.5528441667556763,0.2933323085308075
2.4000000000000004,0.8,0.9,20,75,4.097832699999344,9.576154999999744,0.5528441667556763,0.2816393971443176
2.4000000000000004,0.8,0.9,70,50,4.156495900000664,9.488984700000401,0.5528441667556763,0.3477468490600586
2.4000000000000004,0.8,0.9,70,75,4.1249220999998215,9.472878500000661,0.5528441667556763,0.38197627663612366
2.4000000000000004,0.8,0.9,120,50,4.10888740000064,9.496111800000108,0.5528441667556763,0.34751710295677185
2.4000000000000004,0.8,0.9,120,75,4.072013500000139,9.500034500000766,0.5528441667556763,0.32715508341789246
2.4000000000000004,0.8,1.4,20,50,4.075010399999883,9.511722399999599,0.5528441667556763,0.3705022931098938
2.4000000000000004,0.8,1.4,20,75,4.057852599999933,9.502768499999547,0.5528441667556763,0.38447704911231995
2.4000000000000004,0.8,1.4,70,50,4.098310399999718,9.47267920000013,0.5528441667556763,0.4206659197807312
2.4000000000000004,0.8,1.4,70,75,4.159775900000568,9.456031599999733,0.5528441667556763,0.38447704911231995
2.4000000000000004,0.8,1.4,120,50,4.139683200000036,9.486568499999521,0.5528441667556763,0.32148295640945435
2.4000000000000004,0.8,1.4,120,75,4.117013000000043,9.470232300000134,0.5528441667556763,0.36302050948143005
2.4000000000000004,0.8,1.9,20,50,4.089676300000065,9.59910310000032,0.5528441667556763,0.38197627663612366
2.4000000000000004,0.8,1.9,20,75,4.108905600000071,9.485148199999458,0.5528441667556763,0.38197627663612366
2.4000000000000004,0.8,1.9,70,50,4.172902199999953,9.50967539999965,0.5528441667556763,0.3705022931098938
2.4000000000000004,0.8,1.9,70,75,4.120100999999522,9.453765000000203,0.5528441667556763,0.29985925555229187
2.4000000000000004,0.8,1.9,120,50,4.068150999999489,9.490736199999446,0.5528441667556763,0.33232757449150085
2.4000000000000004,0.8,1.9,120,75,4.096439800000553,9.489056899999923,0.5528441667556763,0.4206659197807312
2.4000000000000004,1.6,0.4,20,50,4.107972300000256,9.533826500000032,0.5528441667556763,0.35162118077278137
2.4000000000000004,1.6,0.4,20,75,4.070847599999979,9.507841099999496,0.5528441667556763,0.4206659197807312
2.4000000000000004,1.6,0.4,70,50,4.092024100000344,9.4909147999997,0.5528441667556763,0.34751710295677185
2.4000000000000004,1.6,0.4,70,75,4.1078726999994615,9.462829899999633,0.5528441667556763,0.3340384364128113
2.4000000000000004,1.6,0.4,120,50,4.108734299999924,9.450782799999615,0.5528441667556763,0.33652645349502563
2.4000000000000004,1.6,0.4,120,75,4.07483990000037,9.465264899999966,0.5528441667556763,0.4206659197807312
2.4000000000000004,1.6,0.9,20,50,4.1596105999997235,9.500803400000223,0.5528441667556763,0.36302050948143005
2.4000000000000004,1.6,0.9,20,75,4.021101599999383,9.477415600000313,0.5528441667556763,0.35162118077278137
2.4000000000000004,1.6,0.9,70,50,4.073105500000565,9.468011099999785,0.5528441667556763,0.3705022931098938
2.4000000000000004,1.6,0.9,70,75,4.093589100000827,9.4646371000008,0.5528441667556763,0.3326728641986847
2.4000000000000004,1.6,0.9,120,50,4.108384699999988,9.448322799999914,0.5528441667556763,0.36302050948143005
2.4000000000000004,1.6,0.9,120,75,4.057139800000186,9.460791999999856,0.5528441667556763,0.5528441667556763
2.4000000000000004,1.6,1.4,20,50,4.131956199999877,9.482743499999742,0.5528441667556763,0.43719571828842163
2.4000000000000004,1.6,1.4,20,75,4.0984095000003435,9.467038900000261,0.5528441667556763,0.3705022931098938
2.4000000000000004,1.6,1.4,70,50,4.167744500000481,9.497591000000284,0.5528441667556763,0.33652645349502563
2.4000000000000004,1.6,1.4,70,75,4.076077799999439,9.482493199999226,0.5528441667556763,0.4206659197807312
2.4000000000000004,1.6,1.4,120,50,4.057351699999344,9.43205560000024,0.5528441667556763,0.3567715585231781
2.4000000000000004,1.6,1.4,120,75,4.037760100000014,9.488700599999902,0.5528441667556763,0.35162118077278137
2.4000000000000004,1.6,1.9,20,50,4.0912656000000425,9.495547000000442,0.5528441667556763,0.35638317465782166
2.4000000000000004,1.6,1.9,20,75,4.098795599999903,9.491391499999736,0.5528441667556763,0.38197627663612366
2.4000000000000004,1.6,1.9,70,50,4.041730400000233,9.452215799999976,0.5528441667556763,0.32088977098464966
2.4000000000000004,1.6,1.9,70,75,4.121174199999587,9.443559199999982,0.5528441667556763,0.38447704911231995
2.4000000000000004,1.6,1.9,120,50,4.045785100000103,9.455963800000063,0.5528441667556763,0.3477468490600586
2.4000000000000004,1.6,1.9,120,75,4.145869100000709,9.450243999999657,0.5528441667556763,0.5528441667556763
2.4000000000000004,2.4000000000000004,0.4,20,50,4.0956351999993785,9.42998930000067,0.5528441667556763,0.5528441667556763
2.4000000000000004,2.4000000000000004,0.4,20,75,4.04926020000039,9.456960499999695,0.5528441667556763,0.5528441667556763
2.4000000000000004,2.4000000000000004,0.4,70,50,4.078153800000109,9.514948000000004,0.5528441667556763,0.3705022931098938
2.4000000000000004,2.4000000000000004,0.4,70,75,4.074107100000219,9.54726429999937,0.5528441667556763,0.33652645349502563
2.4000000000000004,2.4000000000000004,0.4,120,50,4.089722900000197,9.453688199999306,0.5528441667556763,0.5528441667556763
2.4000000000000004,2.4000000000000004,0.4,120,75,4.083964800000103,9.459669900000335,0.5528441667556763,0.3535175919532776
2.4000000000000004,2.4000000000000004,0.9,20,50,4.136594000000514,9.514495800000077,0.5528441667556763,0.3705022931098938
2.4000000000000004,2.4000000000000004,0.9,20,75,4.051297300000442,9.467036899999584,0.5528441667556763,0.33232757449150085
2.4000000000000004,2.4000000000000004,0.9,70,50,4.0465257000005295,9.467381299999943,0.5528441667556763,0.35638317465782166
2.4000000000000004,2.4000000000000004,0.9,70,75,4.096831899999415,9.456040799999755,0.5528441667556763,0.34751710295677185
2.4000000000000004,2.4000000000000004,0.9,120,50,4.104725800000779,9.497615499999483,0.5528441667556763,0.2917732298374176
2.4000000000000004,2.4000000000000004,0.9,120,75,4.086117599999852,9.46656990000065,0.5528441667556763,0.36302050948143005
2.4000000000000004,2.4000000000000004,1.4,20,50,4.099816199999623,9.467814200000248,0.5528441667556763,0.3705022931098938
2.4000000000000004,2.4000000000000004,1.4,20,75,4.060185600000295,9.480810799999745,0.5528441667556763,0.38197627663612366
2.4000000000000004,2.4000000000000004,1.4,70,50,4.0607271999997465,9.497665900000356,0.5528441667556763,0.36302050948143005
2.4000000000000004,2.4000000000000004,1.4,70,75,4.092808700000205,9.492232099999455,0.5528441667556763,0.35162118077278137
2.4000000000000004,2.4000000000000004,1.4,120,50,4.085940799999662,9.493025700000544,0.5528441667556763,0.33867570757865906
2.4000000000000004,2.4000000000000004,1.4,120,75,4.08762680000018,9.44884120000006,0.5528441667556763,0.30816295742988586
2.4000000000000004,2.4000000000000004,1.9,20,50,4.044757599999684,9.510927200000879,0.5528441667556763,0.43719571828842163
2.4000000000000004,2.4000000000000004,1.9,20,75,4.088060400000359,9.432192399999622,0.5528441667556763,0.3567715585231781
2.4000000000000004,2.4000000000000004,1.9,70,50,4.081889900000533,9.502570300000116,0.5528441667556763,0.43719571828842163
2.4000000000000004,2.4000000000000004,1.9,70,75,4.0573049000004175,9.491952899999887,0.5528441667556763,0.33652645349502563
2.4000000000000004,2.4000000000000004,1.9,120,50,4.040050399999927,9.473470999999336,0.5528441667556763,0.38447704911231995
2.4000000000000004,2.4000000000000004,1.9,120,75,4.13242850000006,9.45089310000003,0.5528441667556763,0.3282504677772522
2.4000000000000004,3.2,0.4,20,50,4.074956999999813,9.47364479999942,0.5528441667556763,0.32609525322914124
2.4000000000000004,3.2,0.4,20,75,4.078210800000306,9.484827499999483,0.5528441667556763,0.35638317465782166
2.4000000000000004,3.2,0.4,70,50,4.081591199999821,9.505948099999841,0.5528441667556763,0.33652645349502563
2.4000000000000004,3.2,0.4,70,75,4.056743199999801,9.464222399999926,0.5528441667556763,0.43719571828842163
2.4000000000000004,3.2,0.4,120,50,4.090596399999413,9.486339099999896,0.5528441667556763,0.3010677993297577
2.4000000000000004,3.2,0.4,120,75,4.086370700000771,9.470310300000165,0.5528441667556763,0.35162118077278137
2.4000000000000004,3.2,0.9,20,50,4.126181300000098,9.564701199999945,0.5528441667556763,0.38447704911231995
2.4000000000000004,3.2,0.9,20,75,4.049953299999288,9.4866262000005,0.5528441667556763,0.35162118077278137
2.4000000000000004,3.2,0.9,70,50,4.063279899999543,9.436004199999843,0.5528441667556763,0.4206659197807312
2.4000000000000004,3.2,0.9,70,75,4.08941810000033,9.468330900000183,0.5528441667556763,0.3207245171070099
2.4000000000000004,3.2,0.9,120,50,4.083448600000338,9.450854900000195,0.5528441667556763,0.32148295640945435
2.4000000000000004,3.2,0.9,120,75,4.091295600000194,9.484539900000527,0.5528441667556763,0.34751710295677185
2.4000000000000004,3.2,1.4,20,50,4.111286299999847,9.469958300000144,0.5528441667556763,0.4206659197807312
2.4000000000000004,3.2,1.4,20,75,4.059188900000663,9.457614899999498,0.5528441667556763,0.2997211217880249
2.4000000000000004,3.2,1.4,70,50,4.0506097000006775,9.469718700000158,0.5528441667556763,0.3326728641986847
2.4000000000000004,3.2,1.4,70,75,4.077519599999505,9.460386599999765,0.5528441667556763,0.5528441667556763
2.4000000000000004,3.2,1.4,120,50,4.067855299999792,9.552184899999702,0.5528441667556763,0.3705022931098938
2.4000000000000004,3.2,1.4,120,75,4.104792899999666,9.484748599999875,0.5528441667556763,0.3340384364128113
2.4000000000000004,3.2,1.9,20,50,4.055179100000714,9.441085200000089,0.5528441667556763,0.3705022931098938
2.4000000000000004,3.2,1.9,20,75,4.094678200000089,9.469372300000032,0.5528441667556763,0.3340384364128113
2.4000000000000004,3.2,1.9,70,50,4.062023499999668,9.510776500000247,0.5528441667556763,0.35638317465782166
2.4000000000000004,3.2,1.9,70,75,4.0291213999998945,9.468171900000016,0.5528441667556763,0.32609525322914124
2.4000000000000004,3.2,1.9,120,50,4.196233000000575,9.469131099999686,0.5528441667556763,0.35162118077278137
2.4000000000000004,3.2,1.9,120,75,4.081476500000463,9.424646800000119,0.5528441667556763,0.36302050948143005
3.2,0.0,0.4,20,50,4.049543199999789,9.493669899999986,0.5528441667556763,0.38447704911231995
3.2,0.0,0.4,20,75,4.058116900000641,9.454854399999931,0.5528441667556763,0.30288389325141907
3.2,0.0,0.4,70,50,4.035486899999341,9.549028099999305,0.5528441667556763,0.32555171847343445
3.2,0.0,0.4,70,75,4.055922500000634,9.464431299999887,0.5528441667556763,0.33652645349502563
3.2,0.0,0.4,120,50,4.137860699999692,9.448957499999779,0.5528441667556763,0.5528441667556763
3.2,0.0,0.4,120,75,4.083495900000344,9.485378299999866,0.5528441667556763,0.5528441667556763
3.2,0.0,0.9,20,50,4.107315099999141,9.479853099999673,0.5528441667556763,0.43719571828842163
3.2,0.0,0.9,20,75,4.104793200000131,9.502828700000464,0.5528441667556763,0.3705022931098938
3.2,0.0,0.9,70,50,4.072751899999275,9.574516500000755,0.5528441667556763,0.32715508341789246
3.2,0.0,0.9,70,75,4.16404650000004,9.491020099999332,0.5528441667556763,0.43719571828842163
3.2,0.0,0.9,120,50,4.06649920000018,9.520797200000743,0.5528441667556763,0.34751710295677185
3.2,0.0,0.9,120,75,4.106165400000464,9.519842799999424,0.5528441667556763,0.33652645349502563
3.2,0.0,1.4,20,50,4.063976399999774,9.48719549999987,0.5528441667556763,0.3282504677772522
3.2,0.0,1.4,20,75,4.157435400000395,9.555971800000407,0.5528441667556763,0.32555171847343445
3.2,0.0,1.4,70,50,4.101794700000028,9.645550700000058,0.5528441667556763,0.38447704911231995
3.2,0.0,1.4,70,75,4.239957399999184,9.486435400000119,0.5528441667556763,0.33232757449150085
3.2,0.0,1.4,120,50,4.104817399999774,9.435201600000255,0.5528441667556763,0.4206659197807312
3.2,0.0,1.4,120,75,4.10204049999993,9.49653380000018,0.5528441667556763,0.43719571828842163
3.2,0.0,1.9,20,50,4.096079599999939,9.472045600000456,0.5528441667556763,0.43719571828842163
3.2,0.0,1.9,20,75,4.097201800000221,9.507382800000414,0.5528441667556763,0.38197627663612366
3.2,0.0,1.9,70,50,4.147483700000521,9.527511300000697,0.5528441667556763,0.3567715585231781
3.2,0.0,1.9,70,75,4.060339700000441,9.446842999999717,0.5528441667556763,0.43719571828842163
3.2,0.0,1.9,120,50,4.027353299999959,9.480626399999892,0.5528441667556763,0.35638317465782166
3.2,0.0,1.9,120,75,4.055127999999968,9.49987080000028,0.5528441667556763,0.38447704911231995
3.2,0.8,0.4,20,50,4.089292100000421,9.492995700000392,0.5528441667556763,0.2967567443847656
3.2,0.8,0.4,20,75,4.098704300000463,9.498941599999853,0.5528441667556763,0.33232757449150085
3.2,0.8,0.4,70,50,4.099363199999971,9.490833699999712,0.5528441667556763,0.38197627663612366
3.2,0.8,0.4,70,75,4.126396399999976,9.453223199999229,0.5528441667556763,0.38447704911231995
3.2,0.8,0.4,120,50,4.117156400000567,9.487571900000148,0.5528441667556763,0.4206659197807312
3.2,0.8,0.4,120,75,4.103881099999853,9.481897300000128,0.5528441667556763,0.3567715585231781
3.2,0.8,0.9,20,50,4.081138100000317,9.51091120000001,0.5528441667556763,0.3171391487121582
3.2,0.8,0.9,20,75,4.131758499999705,9.46466970000074,0.5528441667556763,0.32555171847343445
3.2,0.8,0.9,70,50,4.044336899999507,9.485063699999955,0.5528441667556763,0.38447704911231995
3.2,0.8,0.9,70,75,4.089613500000269,9.443080099999861,0.5528441667556763,0.30816295742988586
3.2,0.8,0.9,120,50,4.065079300000434,9.447123500000089,0.5528441667556763,0.36302050948143005
3.2,0.8,0.9,120,75,4.047011300000122,9.482642799999667,0.5528441667556763,0.4206659197807312
3.2,0.8,1.4,20,50,4.138118200000463,9.513123499999892,0.5528441667556763,0.3705022931098938
3.2,0.8,1.4,20,75,4.163138500000059,9.478484999999637,0.5528441667556763,0.3326728641986847
3.2,0.8,1.4,70,50,4.094269799999893,9.474475099999836,0.5528441667556763,0.3477468490600586
3.2,0.8,1.4,70,75,4.042890200000329,9.433616799999982,0.5528441667556763,0.3567715585231781
3.2,0.8,1.4,120,50,4.129879799999799,9.423736400000053,0.5528441667556763,0.4206659197807312
3.2,0.8,1.4,120,75,4.05812429999969,9.443689100000483,0.5528441667556763,0.33232757449150085
3.2,0.8,1.9,20,50,4.088172400000076,9.448205699999562,0.5528441667556763,0.3705022931098938
3.2,0.8,1.9,20,75,4.0284421999995175,9.446300799999335,0.5528441667556763,0.32715508341789246
3.2,0.8,1.9,70,50,4.080050300000039,9.481153599999743,0.5528441667556763,0.33652645349502563
3.2,0.8,1.9,70,75,4.107931999999892,9.524328999999852,0.5528441667556763,0.3705022931098938
3.2,0.8,1.9,120,50,4.092712500000744,9.485230899999806,0.5528441667556763,0.5528441667556763
3.2,0.8,1.9,120,75,4.110943699999552,9.462131000000227,0.5528441667556763,0.38447704911231995
3.2,1.6,0.4,20,50,4.0815591000000495,9.47003290000066,0.5528441667556763,0.5528441667556763
3.2,1.6,0.4,20,75,4.075626899999406,9.43975920000048,0.5528441667556763,0.30340805649757385
3.2,1.6,0.4,70,50,4.051770699999906,9.470358900000065,0.5528441667556763,0.3477468490600586
3.2,1.6,0.4,70,75,4.127596100000119,9.492276300000412,0.5528441667556763,0.30340805649757385
3.2,1.6,0.4,120,50,4.094718700000158,9.469952700000249,0.5528441667556763,0.4206659197807312
3.2,1.6,0.4,120,75,4.123554600000716,9.480840300000636,0.5528441667556763,0.43719571828842163
3.2,1.6,0.9,20,50,4.08655970000018,9.480822599999556,0.5528441667556763,0.5528441667556763
3.2,1.6,0.9,20,75,4.1099277000002985,9.452397700000802,0.5528441667556763,0.38197627663612366
3.2,1.6,0.9,70,50,4.088658200000282,9.519439099999545,0.5528441667556763,0.4206659197807312
3.2,1.6,0.9,70,75,4.048872899999878,9.451207999999497,0.5528441667556763,0.30288389325141907
3.2,1.6,0.9,120,50,4.080790699999852,9.44228109999949,0.5528441667556763,0.43719571828842163
3.2,1.6,0.9,120,75,4.078756599999906,9.469677299999603,0.5528441667556763,0.35162118077278137
3.2,1.6,1.4,20,50,4.029096899999786,9.45889089999946,0.5528441667556763,0.3340384364128113
3.2,1.6,1.4,20,75,4.069738600000164,9.484883800000716,0.5528441667556763,0.43719571828842163
3.2,1.6,1.4,70,50,4.097519299999476,9.516382000000704,0.5528441667556763,0.33867570757865906
3.2,1.6,1.4,70,75,4.059193800000685,9.483363199999985,0.5528441667556763,0.3201330900192261
3.2,1.6,1.4,120,50,4.062863799999832,9.494091399999888,0.5528441667556763,0.32715508341789246
3.2,1.6,1.4,120,75,4.132372000000032,9.471569100000124,0.5528441667556763,0.3234420120716095
3.2,1.6,1.9,20,50,4.085524000000078,9.4913975999998,0.5528441667556763,0.4206659197807312
3.2,1.6,1.9,20,75,4.039557300000524,9.46316619999925,0.5528441667556763,0.35638317465782166
3.2,1.6,1.9,70,50,4.078805199999806,9.553629400000318,0.5528441667556763,0.43719571828842163
3.2,1.6,1.9,70,75,4.107824400000027,9.474976000000424,0.5528441667556763,0.43719571828842163
3.2,1.6,1.9,120,50,4.079075399999965,9.463649199999963,0.5528441667556763,0.3477468490600586
3.2,1.6,1.9,120,75,4.067724799999269,9.52255200000036,0.5528441667556763,0.3477468490600586
3.2,2.4000000000000004,0.4,20,50,4.114297000000079,9.476461899999777,0.5528441667556763,0.3326728641986847
3.2,2.4000000000000004,0.4,20,75,4.070375199999944,9.458036700000775,0.5528441667556763,0.5528441667556763
3.2,2.4000000000000004,0.4,70,50,4.037210800000139,9.57203279999976,0.5528441667556763,0.3194373548030853
3.2,2.4000000000000004,0.4,70,75,4.1591475999994145,9.733393299999989,0.5528441667556763,0.4206659197807312
3.2,2.4000000000000004,0.4,120,50,4.175288399999772,9.47451319999982,0.5528441667556763,0.3535175919532776
3.2,2.4000000000000004,0.4,120,75,4.0406253999999535,9.475231000000349,0.5528441667556763,0.2910921573638916
3.2,2.4000000000000004,0.9,20,50,4.091123600000174,9.474565700000312,0.5528441667556763,0.3076555132865906
3.2,2.4000000000000004,0.9,20,75,4.041212000000087,9.485361899999589,0.5528441667556763,0.32088977098464966
3.2,2.4000000000000004,0.9,70,50,4.124801999999363,9.502264899999318,0.5528441667556763,0.38447704911231995
3.2,2.4000000000000004,0.9,70,75,4.105415300000459,9.438419499999327,0.5528441667556763,0.38447704911231995
3.2,2.4000000000000004,0.9,120,50,4.035439199999928,9.493012200000521,0.5528441667556763,0.35638317465782166
3.2,2.4000000000000004,0.9,120,75,4.0548289999997,9.470093099999758,0.5528441667556763,0.3256196081638336
3.2,2.4000000000000004,1.4,20,50,4.020388599999933,9.493184999999357,0.5528441667556763,0.3567715585231781
3.2,2.4000000000000004,1.4,20,75,4.080294500000491,9.440262000000075,0.5528441667556763,0.3201330900192261
3.2,2.4000000000000004,1.4,70,50,4.0462908999998035,9.452965000000404,0.5528441667556763,0.33867570757865906
3.2,2.4000000000000004,1.4,70,75,4.121859800000493,9.504674900000282,0.5528441667556763,0.4206659197807312
3.2,2.4000000000000004,1.4,120,50,4.047403999999915,9.46416760000011,0.5528441667556763,0.4206659197807312
3.2,2.4000000000000004,1.4,120,75,4.1299668000001475,9.48616260000017,0.5528441667556763,0.3477468490600586
3.2,2.4000000000000004,1.9,20,50,4.08516789999976,9.451745899999878,0.5528441667556763,0.35162118077278137
3.2,2.4000000000000004,1.9,20,75,4.0985167000008005,9.552351100000124,0.5528441667556763,0.32609525322914124
3.2,2.4000000000000004,1.9,70,50,4.067564500000117,9.462732100000721,0.5528441667556763,0.3256196081638336
3.2,2.4000000000000004,1.9,70,75,4.073019000000386,9.429598400000032,0.5528441667556763,0.43719571828842163
3.2,2.4000000000000004,1.9,120,50,4.036420299999918,9.514452399999755,0.5528441667556763,0.3282504677772522
3.2,2.4000000000000004,1.9,120,75,4.108582199999546,9.454361000000063,0.5528441667556763,0.5528441667556763
3.2,3.2,0.4,20,50,4.046124800000143,9.511167800000294,0.5528441667556763,0.38197627663612366
3.2,3.2,0.4,20,75,4.0696764000003895,9.466607099999237,0.5528441667556763,0.3477468490600586
3.2,3.2,0.4,70,50,4.1017799999999625,9.460702700000184,0.5528441667556763,0.34751710295677185
3.2,3.2,0.4,70,75,4.136591000000408,9.480118999999831,0.5528441667556763,0.3535175919532776
3.2,3.2,0.4,120,50,4.088362100000268,9.45915100000002,0.5528441667556763,0.35638317465782166
3.2,3.2,0.4,120,75,4.058777299999747,9.44550580000032,0.5528441667556763,0.3535175919532776
3.2,3.2,0.9,20,50,4.145223800000167,9.455431400000634,0.5528441667556763,0.32609525322914124
3.2,3.2,0.9,20,75,4.070197199999711,9.492986399999609,0.5528441667556763,0.30340805649757385
3.2,3.2,0.9,70,50,4.084522500000276,9.444629099999474,0.5528441667556763,0.3194373548030853
3.2,3.2,0.9,70,75,4.056603999999425,9.522931499999686,0.5528441667556763,0.3326728641986847
3.2,3.2,0.9,120,50,4.036514699999316,9.482456099999581,0.5528441667556763,0.5528441667556763
3.2,3.2,0.9,120,75,4.213201200000185,9.43713200000002,0.5528441667556763,0.35162118077278137
3.2,3.2,1.4,20,50,4.108047700000498,9.452463999999964,0.5528441667556763,0.38447704911231995
3.2,3.2,1.4,20,75,4.101773399999729,9.533945199999835,0.5528441667556763,0.34751710295677185
3.2,3.2,1.4,70,50,4.056197800000518,9.487455399999817,0.5528441667556763,0.34751710295677185
3.2,3.2,1.4,70,75,4.132826199999727,9.479264700000385,0.5528441667556763,0.3201330900192261
3.2,3.2,1.4,120,50,4.081656699999257,9.45228330000009,0.5528441667556763,0.38447704911231995
3.2,3.2,1.4,120,75,4.169981199999711,9.490031000000272,0.5528441667556763,0.3282504677772522
3.2,3.2,1.9,20,50,4.087139600000228,9.425321499999882,0.5528441667556763,0.4206659197807312
3.2,3.2,1.9,20,75,4.09078320000026,9.576197100000172,0.5528441667556763,0.3705022931098938
3.2,3.2,1.9,70,50,4.077878199999759,9.48137879999922,0.5528441667556763,0.38447704911231995
3.2,3.2,1.9,70,75,4.025019700000485,9.457333600000311,0.5528441667556763,0.3567715585231781
3.2,3.2,1.9,120,50,4.0354466999997385,9.478774399999566,0.5528441667556763,0.38447704911231995
3.2,3.2,1.9,120,75,4.068658500000311,9.462175599998773,0.5528441667556763,0.3477468490600586
